stock_name,company_name,sector,recommendation,buy_price,target_price,stop_loss,recommendation_date,recommendation_time,duration,provider,rationale,confidence,actual_entry_price,final_price,return_percentage,target_hit,sl_hit,status
RELIANCE,Reliance Industries Limited,Energy,BUY,1273.12,1336.79,1251.54,12-11-24,9.0:36,Intraday,IntradayKing,Breakout above resistance,90,1273.12,1251.54,-1.7,False,True,SL Hit
RELIANCE,Reliance Industries Limited,Energy,BUY,1281.88,1312.72,1254.52,11-25-24,15.0:49,Intraday,IntradayKing,Sector rotation,73,1281.88,1312.72,2.41,True,False,Target Hit
RELIANCE,Reliance Industries Limited,Energy,BUY,1494.63,1596.22,1428.42,06-30-25,15.0:13,Swing,TradingExpert,Volume surge,81,1494.63,1428.42,-4.43,False,True,SL Hit
RELIANCE,Reliance Industries Limited,Energy,BUY,1477.8,1811.7,1340.85,07-14-25,11.0:14,Positional,IntradayKing,Technical reversal,81,1477.8,1380.69,-6.57,False,False,Neutral
TCS,Tata Consultancy Services Limited,Technology,BUY,4108.6,5067.49,3771.67,12-26-24,12.0:11,Positional,TechnicalAnalyst,Chart pattern,94,4108.6,4095.03,-0.33,False,False,Neutral
TCS,Tata Consultancy Services Limited,Technology,BUY,4101.85,4356.14,3792.73,01-24-25,14.0:21,Swing,BullMarket,RSI oversold bounce,84,4101.85,3792.73,-7.54,False,True,SL Hit
TCS,Tata Consultancy Services Limited,Technology,BUY,4228.83,4778.88,4074.35,01-13-25,15.0:38,Swing,StockGuru,Chart pattern,95,4228.83,4074.35,-3.65,False,True,SL Hit
TCS,Tata Consultancy Services Limited,Technology,BUY,4085.74,4278.72,3988.91,11-14-24,14.000003,Intraday,BullMarket,Support level bounce,85,4085.74,3988.91,-2.37,False,True,SL Hit
HDFCBANK,HDFC Bank Limited,Financial Services,BUY,904.15,1105.45,821.5,03-28-25,11.000005,Positional,TechnicalAnalyst,Chart pattern,92,904.15,950.49,5.13,False,False,Neutral
HDFCBANK,HDFC Bank Limited,Financial Services,BUY,1005.6,1063.65,964.05,07-09-25,11.0:24,Swing,TradingExpert,Chart pattern,74,1005.6,992.65,-1.29,False,False,Neutral
HDFCBANK,HDFC Bank Limited,Financial Services,BUY,925.69,1026.82,864.16,12-13-24,9.0:44,Positional,StockGuru,Volume surge,75,925.69,864.16,-6.65,False,True,SL Hit
HDFCBANK,HDFC Bank Limited,Financial Services,BUY,922.45,942.08,893.74,12-16-24,11.0000000,Intraday,TradingExpert,Volume surge,72,922.45,893.74,-3.11,False,True,SL Hit
INFY,Infosys Limited,Technology,BUY,1838.68,2139.26,1695.39,11-14-24,14.0:48,Positional,ValueInvestor,Volume surge,86,1838.68,1952.58,6.19,False,False,Neutral
INFY,Infosys Limited,Technology,BUY,1479.29,1600.71,1420.31,04-30-25,14.0:12,Swing,MarketMaster,Technical reversal,85,1479.29,1600.71,8.21,True,False,Target Hit
INFY,Infosys Limited,Technology,BUY,1505.32,1761.23,1396.36,04-01-25,15.000006,Positional,IntradayKing,Breakout above resistance,84,1505.32,1396.36,-7.24,False,True,SL Hit
INFY,Infosys Limited,Technology,BUY,1594.9,1645.03,1577.08,07-11-25,14.0:21,Intraday,TechnicalAnalyst,Earnings momentum,84,1594.9,1577.08,-1.12,False,True,SL Hit
HINDUNILVR,Hindustan Unilever Limited,Consumer Defensive,BUY,2397.69,2543.42,2277.54,11-18-24,9.0000000,Swing,IntradayKing,Technical reversal,93,2397.69,2338.66,-2.46,False,False,Neutral
HINDUNILVR,Hindustan Unilever Limited,Consumer Defensive,BUY,2334.65,2549.94,2260.14,12-18-24,15.000004,Swing,BullMarket,Earnings momentum,90,2334.65,2320.6,-0.6,False,False,Neutral
HINDUNILVR,Hindustan Unilever Limited,Consumer Defensive,BUY,2445.73,2643.41,2291.3,11-25-24,10.0:48,Swing,StockGuru,Volume surge,79,2445.73,2291.3,-6.31,False,True,SL Hit
HINDUNILVR,Hindustan Unilever Limited,Consumer Defensive,BUY,2306.9,2804.32,2062.16,06-27-25,9.0:17,Positional,ValueInvestor,Support level bounce,73,2306.9,2415.4,4.7,False,False,Neutral
ICICIBANK,ICICI Bank Limited,Financial Services,BUY,1435.32,1732.12,1307.64,05-27-25,11.000001,Positional,StockGuru,Moving average crossover,95,1435.32,1413.2,-1.54,False,False,Neutral
ICICIBANK,ICICI Bank Limited,Financial Services,BUY,1421.04,1528.39,1367.86,07-01-25,13.0:45,Swing,TradingExpert,RSI oversold bounce,95,1421.04,1474.82,3.78,False,False,Neutral
ICICIBANK,ICICI Bank Limited,Financial Services,BUY,1448.52,1557.89,1352.96,06-06-25,13.0:18,Swing,StockGuru,Technical reversal,77,1448.52,1431.75,-1.16,False,False,Neutral
ICICIBANK,ICICI Bank Limited,Financial Services,BUY,1412.0,1449.62,1380.88,06-10-25,15.0:27,Intraday,TechnicalAnalyst,RSI oversold bounce,82,1412.0,1449.62,2.66,True,False,Target Hit
SBIN,State Bank of India,Financial Services,BUY,757.69,918.01,670.28,01-31-25,15.0:36,Positional,SwingTrader,Technical reversal,77,757.69,670.28,-11.54,False,True,SL Hit
SBIN,State Bank of India,Financial Services,BUY,790.5,962.71,740.72,05-23-25,13.0:25,Positional,MarketMaster,Moving average crossover,86,790.5,796.15,0.71,False,False,Neutral
SBIN,State Bank of India,Financial Services,BUY,738.86,778.9,721.18,01-15-25,13.0000000,Intraday,StockGuru,Moving average crossover,78,738.86,721.18,-2.39,False,True,SL Hit
SBIN,State Bank of India,Financial Services,BUY,837.14,855.0,826.33,12-03-24,11.0:55,Intraday,ValueInvestor,RSI oversold bounce,94,837.14,826.33,-1.29,False,True,SL Hit
BHARTIARTL,Bharti Airtel Limited,Communication Services,BUY,1537.65,1701.41,1434.29,11-14-24,14.0:21,Swing,BullMarket,Sector rotation,83,1537.65,1648.77,7.23,False,False,Neutral
BHARTIARTL,Bharti Airtel Limited,Communication Services,BUY,1704.55,2011.48,1568.6,03-24-25,13.0000000,Positional,BullMarket,Moving average crossover,95,1704.55,1802.13,5.72,False,False,Neutral
BHARTIARTL,Bharti Airtel Limited,Communication Services,BUY,2002.66,2298.73,1864.01,07-01-25,9.0:58,Swing,MarketMaster,Technical reversal,81,2002.66,1918.3,-4.21,False,False,Neutral
BHARTIARTL,Bharti Airtel Limited,Communication Services,BUY,1585.59,1678.49,1487.09,01-03-25,11.000006,Swing,TradingExpert,Breakout above resistance,79,1585.59,1612.82,1.72,False,False,Neutral
KOTAKBANK,Kotak Mahindra Bank Limited,Financial Services,BUY,1766.66,2028.28,1662.05,12-12-24,11.0:21,Positional,ValueInvestor,Support level bounce,74,1766.66,1754.18,-0.71,False,False,Neutral
KOTAKBANK,Kotak Mahindra Bank Limited,Financial Services,BUY,1963.84,2131.48,1807.55,02-24-25,15.0:24,Swing,ValueInvestor,Sector rotation,92,1963.84,2131.48,8.54,True,False,Target Hit
KOTAKBANK,Kotak Mahindra Bank Limited,Financial Services,BUY,1763.22,1908.2,1643.0,11-29-24,9.0:11,Swing,SwingTrader,Earnings momentum,93,1763.22,1738.7,-1.39,False,False,Neutral
KOTAKBANK,Kotak Mahindra Bank Limited,Financial Services,BUY,1783.99,1939.2,1659.07,12-31-24,13.0:41,Swing,TechnicalAnalyst,Earnings momentum,73,1783.99,1885.58,5.69,False,False,Neutral
LT,Larsen & Toubro Limited,Industrials,BUY,3183.31,3868.0,2823.98,03-04-25,10.0:12,Positional,TechnicalAnalyst,Sector rotation,89,3183.31,3388.55,6.45,False,False,Neutral
LT,Larsen & Toubro Limited,Industrials,BUY,3306.07,3417.71,3195.9,02-07-25,14.000005,Intraday,StockGuru,Support level bounce,74,3306.07,3195.9,-3.33,False,True,SL Hit
LT,Larsen & Toubro Limited,Industrials,BUY,3690.38,3764.92,3628.27,11-29-24,13.0:43,Intraday,SwingTrader,Earnings momentum,94,3690.38,3628.27,-1.68,False,True,SL Hit
LT,Larsen & Toubro Limited,Industrials,BUY,3148.34,3249.67,3106.73,03-10-25,14.0000000,Intraday,SwingTrader,Chart pattern,71,3148.34,3249.67,3.22,True,False,Target Hit
ASIANPAINT,Asian Paints Limited,Basic Materials,BUY,2469.12,2920.03,2298.48,11-27-24,14.000003,Positional,ValueInvestor,Moving average crossover,90,2469.12,2298.48,-6.91,False,True,SL Hit
ASIANPAINT,Asian Paints Limited,Basic Materials,BUY,2334.86,2430.06,2288.32,05-12-25,13.0:52,Intraday,StockGuru,Earnings momentum,91,2334.86,2288.32,-1.99,False,True,SL Hit
ASIANPAINT,Asian Paints Limited,Basic Materials,BUY,2268.0,2319.2,2182.36,06-19-25,15.0000000,Intraday,StockGuru,Support level bounce,87,2268.0,2319.2,2.26,True,False,Target Hit
ASIANPAINT,Asian Paints Limited,Basic Materials,BUY,2294.83,2542.21,2113.49,04-01-25,9.0:18,Swing,SwingTrader,Moving average crossover,81,2294.83,2414.62,5.22,False,False,Neutral
AXISBANK,Axis Bank Limited,Financial Services,BUY,1168.4,1206.65,1123.6,07-16-25,9.0:18,Intraday,TradingExpert,Chart pattern,70,1168.4,1123.6,-3.83,False,True,SL Hit
AXISBANK,Axis Bank Limited,Financial Services,BUY,1230.35,1386.64,1143.5,06-11-25,11.0:48,Swing,MarketMaster,Moving average crossover,85,1230.35,1164.7,-5.34,False,False,Neutral
AXISBANK,Axis Bank Limited,Financial Services,BUY,1143.82,1169.84,1108.19,11-26-24,14.0000000,Intraday,IntradayKing,Volume surge,80,1143.82,1169.84,2.27,True,False,Target Hit
AXISBANK,Axis Bank Limited,Financial Services,BUY,1182.39,1324.96,1090.03,05-02-25,13.0:36,Swing,ValueInvestor,Breakout above resistance,74,1182.39,1191.18,0.74,False,False,Neutral
MARUTI,Maruti Suzuki India Limited,Consumer Cyclical,BUY,12534.34,14235.94,11079.03,05-14-25,11.0:48,Positional,TradingExpert,Sector rotation,77,12534.34,12318.67,-1.72,False,False,Neutral
MARUTI,Maruti Suzuki India Limited,Consumer Cyclical,BUY,12272.17,12599.35,11984.96,05-02-25,15.0:35,Intraday,StockGuru,Technical reversal,70,12272.17,12599.35,2.67,True,False,Target Hit
MARUTI,Maruti Suzuki India Limited,Consumer Cyclical,BUY,11649.51,12256.94,11261.71,03-03-25,15.0:36,Intraday,BullMarket,Technical reversal,71,11649.51,11261.71,-3.33,False,True,SL Hit
MARUTI,Maruti Suzuki India Limited,Consumer Cyclical,BUY,11962.82,12477.27,11760.84,01-16-25,14.0:35,Intraday,TechnicalAnalyst,RSI oversold bounce,76,11962.82,11760.84,-1.69,False,True,SL Hit
NTPC,NTPC Limited,Utilities,BUY,337.1,397.65,311.1,06-09-25,15.000002,Positional,IntradayKing,Breakout above resistance,94,337.1,337.45,0.1,False,False,Neutral
NTPC,NTPC Limited,Utilities,BUY,331.95,338.69,324.67,06-13-25,9.000006,Intraday,StockGuru,Breakout above resistance,85,331.95,324.67,-2.19,False,True,SL Hit
NTPC,NTPC Limited,Utilities,BUY,331.07,347.44,321.76,01-01-25,14.0:46,Intraday,StockGuru,Support level bounce,93,331.07,321.76,-2.81,False,True,SL Hit
NTPC,NTPC Limited,Utilities,BUY,377.36,395.45,365.21,11-12-24,15.0:56,Intraday,ValueInvestor,RSI oversold bounce,83,377.36,365.21,-3.22,False,True,SL Hit
BAJFINANCE,Bajaj Finance Limited,Financial Services,BUY,938.0,1066.76,887.38,06-16-25,9.0:24,Positional,TradingExpert,Breakout above resistance,92,938.0,887.38,-5.4,False,True,SL Hit
BAJFINANCE,Bajaj Finance Limited,Financial Services,BUY,732.02,876.79,694.03,01-08-25,14.0:51,Positional,MarketMaster,Support level bounce,80,732.02,843.48,15.23,False,False,Neutral
BAJFINANCE,Bajaj Finance Limited,Financial Services,BUY,830.27,973.54,742.07,03-10-25,15.0:44,Positional,BullMarket,RSI oversold bounce,94,830.27,869.4,4.71,False,False,Neutral
BAJFINANCE,Bajaj Finance Limited,Financial Services,BUY,674.64,692.01,666.4,11-11-24,12.0:24,Intraday,TechnicalAnalyst,Support level bounce,88,674.64,666.4,-1.22,False,True,SL Hit
HCLTECH,HCL Technologies Limited,Technology,BUY,1451.65,1511.0,1432.55,04-22-25,13.0:29,Intraday,ValueInvestor,Support level bounce,73,1451.65,1511.0,4.09,True,False,Target Hit
HCLTECH,HCL Technologies Limited,Technology,BUY,1849.69,2248.01,1636.49,11-22-24,13.0:59,Positional,BullMarket,Technical reversal,94,1849.69,1862.31,0.68,False,False,Neutral
HCLTECH,HCL Technologies Limited,Technology,BUY,1532.18,1577.72,1502.22,03-20-25,10.0:39,Intraday,ValueInvestor,Breakout above resistance,74,1532.18,1502.22,-1.96,False,True,SL Hit
HCLTECH,HCL Technologies Limited,Technology,BUY,1816.91,2010.07,1749.11,11-13-24,14.0:46,Swing,StockGuru,Chart pattern,78,1816.91,1918.29,5.58,False,False,Neutral
WIPRO,Wipro Limited,Technology,BUY,242.87,276.09,232.65,04-16-25,13.0:38,Swing,StockGuru,Support level bounce,91,242.87,232.65,-4.21,False,True,SL Hit
WIPRO,Wipro Limited,Technology,BUY,259.45,289.16,247.6,07-01-25,12.0:49,Swing,IntradayKing,Sector rotation,75,259.45,247.6,-4.57,False,True,SL Hit
WIPRO,Wipro Limited,Technology,BUY,249.35,277.09,236.04,07-14-25,15.0:11,Positional,TradingExpert,Support level bounce,73,249.35,241.62,-3.1,False,False,Neutral
WIPRO,Wipro Limited,Technology,BUY,288.72,319.96,267.66,01-20-25,9.0:15,Swing,TechnicalAnalyst,Moving average crossover,85,288.72,302.16,4.66,False,False,Neutral
ULTRACEMCO,UltraTech Cement Limited,Basic Materials,BUY,11182.12,11749.54,10931.97,06-06-25,13.0:38,Intraday,TechnicalAnalyst,Moving average crossover,88,11182.12,11749.54,5.07,True,False,Target Hit
ULTRACEMCO,UltraTech Cement Limited,Basic Materials,BUY,12423.25,13557.76,11680.15,07-15-25,15.000004,Swing,TradingExpert,Support level bounce,78,12423.25,12449.0,0.21,False,False,Neutral
ULTRACEMCO,UltraTech Cement Limited,Basic Materials,BUY,11858.83,12550.12,11524.98,04-21-25,9.0:45,Intraday,TechnicalAnalyst,RSI oversold bounce,70,11858.83,11524.98,-2.82,False,True,SL Hit
ULTRACEMCO,UltraTech Cement Limited,Basic Materials,BUY,11883.67,12431.25,11745.96,04-22-25,10.0:38,Intraday,TradingExpert,Volume surge,85,11883.67,11745.96,-1.16,False,True,SL Hit
NESTLEIND,Nestlé India Limited,Consumer Defensive,BUY,1157.83,1445.75,1052.96,05-09-25,12.0:13,Positional,MarketMaster,Technical reversal,71,1157.83,1203.54,3.95,False,False,Neutral
NESTLEIND,Nestlé India Limited,Consumer Defensive,BUY,1084.22,1318.71,997.41,02-13-25,11.0:14,Positional,TradingExpert,Breakout above resistance,87,1084.22,1082.62,-0.15,False,False,Neutral
NESTLEIND,Nestlé India Limited,Consumer Defensive,BUY,1092.28,1228.22,1038.53,02-12-25,14.0:42,Swing,ValueInvestor,Support level bounce,81,1092.28,1091.39,-0.08,False,False,Neutral
NESTLEIND,Nestlé India Limited,Consumer Defensive,BUY,1097.85,1202.05,1026.37,01-14-25,13.0:18,Swing,BullMarket,Volume surge,78,1097.85,1105.88,0.73,False,False,Neutral
TITAN,Titan Company Limited,Consumer Cyclical,BUY,3298.77,3837.75,2922.92,11-22-24,10.0:52,Positional,ValueInvestor,Technical reversal,92,3298.77,3346.18,1.44,False,False,Neutral
TITAN,Titan Company Limited,Consumer Cyclical,BUY,3263.58,3382.01,3201.01,04-15-25,11.0:33,Intraday,ValueInvestor,Chart pattern,80,3263.58,3382.01,3.63,True,False,Target Hit
TITAN,Titan Company Limited,Consumer Cyclical,BUY,3675.84,4229.44,3431.0,07-04-25,9.0000000,Positional,StockGuru,Moving average crossover,89,3675.84,3431.0,-6.66,False,True,SL Hit
TITAN,Titan Company Limited,Consumer Cyclical,BUY,3247.58,3345.05,3180.08,12-30-24,15.0:58,Intraday,SwingTrader,Volume surge,87,3247.58,3345.05,3.0,True,False,Target Hit
SUNPHARMA,Sun Pharmaceutical Industries Limited,Healthcare,BUY,1770.32,2013.18,1663.27,01-27-25,10.0:18,Swing,BullMarket,Moving average crossover,81,1770.32,1663.27,-6.05,False,True,SL Hit
SUNPHARMA,Sun Pharmaceutical Industries Limited,Healthcare,BUY,1678.08,1840.28,1616.8,05-23-25,12.0:31,Swing,IntradayKing,Earnings momentum,77,1678.08,1659.64,-1.1,False,False,Neutral
SUNPHARMA,Sun Pharmaceutical Industries Limited,Healthcare,BUY,1778.64,2150.63,1577.11,03-21-25,15.000008,Positional,ValueInvestor,Volume surge,78,1778.64,1797.98,1.09,False,False,Neutral
SUNPHARMA,Sun Pharmaceutical Industries Limited,Healthcare,BUY,1694.22,2092.93,1535.2,05-29-25,12.0:53,Positional,TradingExpert,Volume surge,94,1694.22,1664.32,-1.76,False,False,Neutral
POWERGRID,Power Grid Corporation of India Limited,Utilities,BUY,328.57,364.67,318.12,12-13-24,15.0000000,Swing,IntradayKing,Technical reversal,74,328.57,318.12,-3.18,False,True,SL Hit
POWERGRID,Power Grid Corporation of India Limited,Utilities,BUY,296.77,308.91,293.67,07-15-25,13.0:45,Intraday,TechnicalAnalyst,RSI oversold bounce,83,296.77,293.67,-1.04,False,True,SL Hit
POWERGRID,Power Grid Corporation of India Limited,Utilities,BUY,262.17,325.75,231.95,03-07-25,10.0:52,Positional,BullMarket,Earnings momentum,81,262.17,287.71,9.74,False,False,Neutral
POWERGRID,Power Grid Corporation of India Limited,Utilities,BUY,333.44,348.67,326.71,11-26-24,14.0:12,Intraday,ValueInvestor,Breakout above resistance,91,333.44,326.71,-2.02,False,True,SL Hit
TATASTEEL,Tata Steel Limited,Basic Materials,BUY,160.54,178.1,154.71,06-26-25,13.0:45,Swing,StockGuru,Chart pattern,83,160.54,163.48,1.83,False,False,Neutral
TATASTEEL,Tata Steel Limited,Basic Materials,BUY,165.88,193.5,146.22,07-02-25,10.0:43,Positional,TradingExpert,Volume surge,95,165.88,161.36,-2.72,False,False,Neutral
TATASTEEL,Tata Steel Limited,Basic Materials,BUY,131.47,135.21,129.51,02-18-25,15.0:31,Intraday,ValueInvestor,Moving average crossover,88,131.47,129.51,-1.49,False,True,SL Hit
TATASTEEL,Tata Steel Limited,Basic Materials,BUY,133.3,140.21,130.37,04-15-25,0.0:22,Intraday,SwingTrader,Volume surge,93,133.3,140.21,5.18,True,False,Target Hit
JSWSTEEL,JSW Steel Limited,Basic Materials,BUY,1047.43,1161.18,984.54,03-20-25,12.000009,Positional,StockGuru,Moving average crossover,76,1047.43,984.54,-6.0,False,True,SL Hit
JSWSTEEL,JSW Steel Limited,Basic Materials,BUY,972.38,1003.7,938.9,02-27-25,11.0:14,Intraday,TechnicalAnalyst,Support level bounce,92,972.38,938.9,-3.44,False,True,SL Hit
JSWSTEEL,JSW Steel Limited,Basic Materials,BUY,979.26,1009.64,944.91,02-21-25,11.0:53,Intraday,StockGuru,Technical reversal,93,979.26,944.91,-3.51,False,True,SL Hit
JSWSTEEL,JSW Steel Limited,Basic Materials,BUY,1051.57,1172.72,972.5,04-28-25,10.0:45,Positional,SwingTrader,Chart pattern,91,1051.57,972.5,-7.52,False,True,SL Hit
M&M,Mahindra & Mahindra Limited,Consumer Cyclical,BUY,2591.08,2675.53,2559.16,03-03-25,12.0:38,Intraday,BullMarket,Earnings momentum,89,2591.08,2559.16,-1.23,False,True,SL Hit
M&M,Mahindra & Mahindra Limited,Consumer Cyclical,BUY,2997.42,3336.0,2864.18,05-05-25,9.0:18,Swing,SwingTrader,Moving average crossover,72,2997.42,3001.78,0.15,False,False,Neutral
M&M,Mahindra & Mahindra Limited,Consumer Cyclical,BUY,3017.36,3534.67,2808.76,06-05-25,10.0:48,Positional,SwingTrader,Sector rotation,71,3017.36,3149.1,4.37,False,False,Neutral
M&M,Mahindra & Mahindra Limited,Consumer Cyclical,BUY,3029.46,3455.87,2921.47,05-13-25,10.0:57,Swing,TechnicalAnalyst,Technical reversal,85,3029.46,3043.05,0.45,False,False,Neutral
TECHM,Tech Mahindra Limited,Technology,BUY,1348.85,1414.3,1323.43,04-21-25,15.0:56,Intraday,StockGuru,Moving average crossover,79,1348.85,1323.43,-1.88,False,True,SL Hit
TECHM,Tech Mahindra Limited,Technology,BUY,1348.85,1506.22,1204.27,04-21-25,14.0:24,Positional,ValueInvestor,Technical reversal,78,1348.85,1506.22,11.67,True,False,Target Hit
TECHM,Tech Mahindra Limited,Technology,BUY,1475.83,1731.16,1359.29,05-08-25,9.0:58,Positional,IntradayKing,Sector rotation,72,1475.83,1534.76,3.99,False,False,Neutral
TECHM,Tech Mahindra Limited,Technology,BUY,1392.8,1461.81,1338.03,03-28-25,13.0000000,Intraday,TradingExpert,Earnings momentum,71,1392.8,1338.03,-3.93,False,True,SL Hit
INDUSINDBK,IndusInd Bank Limited,Financial Services,BUY,846.75,879.77,832.21,05-05-25,14.0000000,Intraday,StockGuru,Moving average crossover,83,846.75,832.21,-1.72,False,True,SL Hit
INDUSINDBK,IndusInd Bank Limited,Financial Services,BUY,675.9,704.92,649.96,04-07-25,11.0:55,Intraday,TechnicalAnalyst,Moving average crossover,82,675.9,649.96,-3.84,False,True,SL Hit
INDUSINDBK,IndusInd Bank Limited,Financial Services,BUY,970.95,1020.26,923.12,01-23-25,13.0:25,Swing,IntradayKing,Technical reversal,71,970.95,1020.26,5.08,True,False,Target Hit
INDUSINDBK,IndusInd Bank Limited,Financial Services,BUY,879.1,908.61,856.15,07-01-25,12.0:15,Intraday,SwingTrader,Chart pattern,74,879.1,856.15,-2.61,False,True,SL Hit
BAJAJ-AUTO,Bajaj Auto Limited,Consumer Cyclical,BUY,8592.53,8945.46,8497.63,01-07-25,15.0000000,Intraday,BullMarket,Support level bounce,85,8592.53,8497.63,-1.1,False,True,SL Hit
BAJAJ-AUTO,Bajaj Auto Limited,Consumer Cyclical,BUY,7764.71,8616.41,7384.3,04-16-25,15.0:42,Swing,MarketMaster,Support level bounce,72,7764.71,8272.83,6.54,False,False,Neutral
BAJAJ-AUTO,Bajaj Auto Limited,Consumer Cyclical,BUY,8412.79,8885.17,8112.89,06-10-25,11.000001,Intraday,MarketMaster,Chart pattern,95,8412.79,8339.5,-0.87,False,False,Neutral
BAJAJ-AUTO,Bajaj Auto Limited,Consumer Cyclical,BUY,8562.88,9429.45,8185.9,12-30-24,13.0:52,Swing,ValueInvestor,Technical reversal,78,8562.88,8185.9,-4.4,False,True,SL Hit
DRREDDY,Dr. Reddy's Laboratories Limited,Healthcare,BUY,1190.1,1237.08,1148.84,01-27-25,13.0:36,Intraday,ValueInvestor,Earnings momentum,91,1190.1,1237.08,3.95,True,False,Target Hit
DRREDDY,Dr. Reddy's Laboratories Limited,Healthcare,BUY,1188.07,1375.44,1112.92,05-12-25,11.0:37,Positional,ValueInvestor,Breakout above resistance,86,1188.07,1310.79,10.33,False,False,Neutral
DRREDDY,Dr. Reddy's Laboratories Limited,Healthcare,BUY,1098.19,1244.59,1007.69,03-12-25,9.0:15,Positional,TradingExpert,Technical reversal,80,1098.19,1147.62,4.5,False,False,Neutral
DRREDDY,Dr. Reddy's Laboratories Limited,Healthcare,BUY,1232.58,1275.64,1205.88,02-07-25,12.0:49,Intraday,BullMarket,Breakout above resistance,90,1232.58,1205.88,-2.17,False,True,SL Hit
DIVISLAB,Divi's Laboratories Limited,Healthcare,BUY,5795.71,5916.79,5593.31,03-20-25,14.000001,Intraday,SwingTrader,Technical reversal,85,5795.71,5593.31,-3.49,False,True,SL Hit
DIVISLAB,Divi's Laboratories Limited,Healthcare,BUY,5897.65,6220.32,5674.4,04-23-25,15.000006,Intraday,ValueInvestor,Chart pattern,80,5897.65,6220.32,5.47,True,False,Target Hit
DIVISLAB,Divi's Laboratories Limited,Healthcare,BUY,6700.99,7077.53,6436.99,07-18-25,15.0:44,Intraday,SwingTrader,Support level bounce,93,6700.99,6436.99,-3.94,False,True,SL Hit
DIVISLAB,Divi's Laboratories Limited,Healthcare,BUY,6096.74,7176.88,5510.31,05-05-25,11.000001,Positional,TradingExpert,Support level bounce,71,6096.74,6509.36,6.77,False,False,Neutral
CIPLA,Cipla Limited,Healthcare,BUY,1507.05,1545.45,1448.46,05-13-25,11.0:44,Intraday,TradingExpert,Chart pattern,72,1507.05,1448.46,-3.89,False,True,SL Hit
CIPLA,Cipla Limited,Healthcare,BUY,1494.75,1865.2,1320.55,12-02-24,14.000001,Positional,BullMarket,Chart pattern,74,1494.75,1515.87,1.41,False,False,Neutral
CIPLA,Cipla Limited,Healthcare,BUY,1460.55,1530.52,1433.32,06-03-25,10.0:23,Intraday,IntradayKing,Technical reversal,83,1460.55,1515.7,3.78,False,False,Neutral
CIPLA,Cipla Limited,Healthcare,BUY,1502.4,1592.24,1458.97,06-27-25,9.0:38,Intraday,TechnicalAnalyst,Technical reversal,82,1502.4,1458.97,-2.89,False,True,SL Hit
GRASIM,Grasim Industries Limited,Basic Materials,BUY,2434.64,3009.8,2196.35,12-30-24,15.0:45,Positional,TradingExpert,Breakout above resistance,79,2434.64,2449.14,0.6,False,False,Neutral
GRASIM,Grasim Industries Limited,Basic Materials,BUY,2309.15,2872.38,2190.89,01-15-25,12.0:24,Positional,TechnicalAnalyst,Sector rotation,93,2309.15,2482.42,7.5,False,False,Neutral
GRASIM,Grasim Industries Limited,Basic Materials,BUY,2393.29,2513.46,2346.14,01-20-25,11.0:41,Intraday,IntradayKing,Moving average crossover,91,2393.29,2513.46,5.02,True,False,Target Hit
GRASIM,Grasim Industries Limited,Basic Materials,BUY,2298.29,2714.01,2038.39,02-28-25,13.0:59,Positional,SwingTrader,Breakout above resistance,92,2298.29,2609.51,13.54,False,False,Neutral
HINDALCO,Hindalco Industries Limited,Basic Materials,BUY,613.1,680.14,562.35,04-15-25,9.0000000,Positional,BullMarket,Chart pattern,71,613.1,656.54,7.09,False,False,Neutral
HINDALCO,Hindalco Industries Limited,Basic Materials,BUY,654.65,674.33,630.48,05-27-25,12.0:29,Intraday,ValueInvestor,RSI oversold bounce,79,654.65,630.48,-3.69,False,True,SL Hit
HINDALCO,Hindalco Industries Limited,Basic Materials,BUY,595.58,645.59,554.8,04-04-25,11.0000000,Swing,MarketMaster,RSI oversold bounce,84,595.58,554.8,-6.85,False,True,SL Hit
HINDALCO,Hindalco Industries Limited,Basic Materials,BUY,665.97,682.92,649.89,12-05-24,14.0:32,Intraday,BullMarket,Chart pattern,81,665.97,649.89,-2.41,False,True,SL Hit
COALINDIA,Coal India Limited,Energy,BUY,394.18,483.47,370.3,03-21-25,11.0000000,Positional,TechnicalAnalyst,Support level bounce,92,394.18,370.3,-6.06,False,True,SL Hit
COALINDIA,Coal India Limited,Energy,BUY,386.64,406.27,375.37,04-01-25,13.0:57,Intraday,IntradayKing,RSI oversold bounce,87,386.64,375.37,-2.91,False,True,SL Hit
COALINDIA,Coal India Limited,Energy,BUY,387.9,398.96,377.09,06-06-25,14.0:21,Intraday,ValueInvestor,Volume surge,70,387.9,377.09,-2.79,False,True,SL Hit
COALINDIA,Coal India Limited,Energy,BUY,386.64,401.27,377.98,04-01-25,11.0:55,Intraday,SwingTrader,Earnings momentum,88,386.64,377.98,-2.24,False,True,SL Hit
BPCL,Bharat Petroleum Corporation Limited,Energy,BUY,261.32,290.68,230.64,03-19-25,9.0:45,Positional,ValueInvestor,Support level bounce,81,261.32,290.68,11.24,True,False,Target Hit
BPCL,Bharat Petroleum Corporation Limited,Energy,BUY,247.28,258.3,244.06,02-24-25,13.0:52,Intraday,SwingTrader,Moving average crossover,87,247.28,244.06,-1.3,False,True,SL Hit
BPCL,Bharat Petroleum Corporation Limited,Energy,BUY,303.38,355.78,286.2,05-08-25,12.0000000,Positional,StockGuru,Earnings momentum,80,303.38,305.2,0.6,False,False,Neutral
BPCL,Bharat Petroleum Corporation Limited,Energy,BUY,307.86,336.87,287.77,05-14-25,9.000008,Swing,TradingExpert,Sector rotation,74,307.86,328.9,6.83,False,False,Neutral
IOC,Indian Oil Corporation Limited,Energy,BUY,131.75,139.17,128.74,01-08-25,10.0:14,Intraday,SwingTrader,Sector rotation,73,131.75,128.74,-2.28,False,True,SL Hit
IOC,Indian Oil Corporation Limited,Energy,BUY,136.49,144.45,133.54,12-05-24,9.000004,Intraday,ValueInvestor,Chart pattern,75,136.49,133.54,-2.16,False,True,SL Hit
IOC,Indian Oil Corporation Limited,Energy,BUY,133.11,137.45,129.98,11-13-24,14.0:26,Intraday,BullMarket,RSI oversold bounce,73,133.11,129.98,-2.35,False,True,SL Hit
IOC,Indian Oil Corporation Limited,Energy,BUY,136.96,139.88,132.24,06-23-25,11.0:42,Intraday,BullMarket,Earnings momentum,93,136.96,139.88,2.13,True,False,Target Hit
ONGC,Oil and Natural Gas Corporation Limited,Energy,BUY,241.16,269.9,225.86,05-13-25,11.0:53,Swing,SwingTrader,Chart pattern,84,241.16,244.68,1.46,False,False,Neutral
ONGC,Oil and Natural Gas Corporation Limited,Energy,BUY,246.01,279.42,232.81,05-14-25,15.0:56,Positional,ValueInvestor,Volume surge,93,246.01,247.32,0.53,False,False,Neutral
ONGC,Oil and Natural Gas Corporation Limited,Energy,BUY,230.37,261.29,220.15,04-11-25,14.000003,Swing,BullMarket,Moving average crossover,84,230.37,246.01,6.79,False,False,Neutral
ONGC,Oil and Natural Gas Corporation Limited,Energy,BUY,257.48,293.4,237.81,01-31-25,14.0:53,Swing,SwingTrader,Support level bounce,89,257.48,237.81,-7.64,False,True,SL Hit
HEROMOTOCO,Hero MotoCorp Limited,Consumer Cyclical,BUY,4294.46,4395.44,4178.4,05-26-25,13.000007,Intraday,TradingExpert,Chart pattern,79,4294.46,4178.4,-2.7,False,True,SL Hit
HEROMOTOCO,Hero MotoCorp Limited,Consumer Cyclical,BUY,3897.5,4024.68,3806.72,01-22-25,12.0:29,Intraday,SwingTrader,Chart pattern,78,3897.5,4024.68,3.26,True,False,Target Hit
HEROMOTOCO,Hero MotoCorp Limited,Consumer Cyclical,BUY,3543.57,3991.51,3298.63,03-20-25,11.0:55,Swing,ValueInvestor,Moving average crossover,83,3543.57,3298.63,-6.91,False,True,SL Hit
HEROMOTOCO,Hero MotoCorp Limited,Consumer Cyclical,BUY,4107.91,4584.88,3945.07,02-07-25,12.0:11,Swing,SwingTrader,Support level bounce,74,4107.91,3945.07,-3.96,False,True,SL Hit
EICHERMOT,Eicher Motors Limited,Consumer Cyclical,BUY,5454.28,5605.05,5336.29,06-20-25,11.0:57,Intraday,IntradayKing,Technical reversal,94,5454.28,5605.05,2.76,True,False,Target Hit
EICHERMOT,Eicher Motors Limited,Consumer Cyclical,BUY,5642.34,6071.06,5340.43,07-01-25,15.0:36,Swing,TechnicalAnalyst,Breakout above resistance,90,5642.34,5340.43,-5.35,False,True,SL Hit
EICHERMOT,Eicher Motors Limited,Consumer Cyclical,BUY,5016.85,5733.46,4574.01,01-15-25,13.000007,Positional,TechnicalAnalyst,Moving average crossover,84,5016.85,4908.7,-2.16,False,False,Neutral
EICHERMOT,Eicher Motors Limited,Consumer Cyclical,BUY,4764.13,4924.75,4649.2,12-13-24,13.0000000,Intraday,ValueInvestor,Technical reversal,89,4764.13,4649.2,-2.41,False,True,SL Hit
BRITANNIA,Britannia Industries Limited,Consumer Defensive,BUY,4735.98,4878.65,4585.06,02-25-25,14.0:39,Intraday,BullMarket,Moving average crossover,86,4735.98,4585.06,-3.19,False,True,SL Hit
BRITANNIA,Britannia Industries Limited,Consumer Defensive,BUY,4947.76,5454.14,4771.24,01-23-25,9.0:45,Swing,BullMarket,Sector rotation,71,4947.76,4771.24,-3.57,False,True,SL Hit
BRITANNIA,Britannia Industries Limited,Consumer Defensive,BUY,4667.09,4812.6,4537.76,03-13-25,9.000009,Intraday,TradingExpert,Technical reversal,93,4667.09,4812.6,3.12,True,False,Target Hit
BRITANNIA,Britannia Industries Limited,Consumer Defensive,BUY,4840.42,5055.8,4718.71,01-21-25,15.000002,Intraday,TradingExpert,Breakout above resistance,91,4840.42,5055.8,4.45,True,False,Target Hit
ITC,ITC Limited,Consumer Defensive,BUY,397.53,413.71,387.26,02-25-25,13.0:14,Intraday,IntradayKing,Moving average crossover,73,397.53,387.26,-2.58,False,True,SL Hit
ITC,ITC Limited,Consumer Defensive,BUY,412.95,449.6,390.05,02-10-25,11.0:33,Swing,SwingTrader,Volume surge,73,412.95,390.05,-5.55,False,True,SL Hit
ITC,ITC Limited,Consumer Defensive,BUY,418.41,471.76,393.17,01-16-25,13.0:54,Swing,MarketMaster,Moving average crossover,70,418.41,402.48,-3.81,False,False,Neutral
ITC,ITC Limited,Consumer Defensive,BUY,416.85,435.38,408.76,07-10-25,10.0:57,Intraday,StockGuru,Chart pattern,77,416.85,408.76,-1.94,False,True,SL Hit
ADANIPORTS,Adani Ports and Special Economic Zone Limited,Industrials,BUY,1157.87,1188.92,1142.09,01-17-25,12.0000000,Intraday,BullMarket,Volume surge,80,1157.87,1142.09,-1.36,False,True,SL Hit
ADANIPORTS,Adani Ports and Special Economic Zone Limited,Industrials,BUY,1052.83,1096.11,1012.56,03-04-25,12.0:27,Intraday,ValueInvestor,Moving average crossover,79,1052.83,1096.11,4.11,True,False,Target Hit
ADANIPORTS,Adani Ports and Special Economic Zone Limited,Industrials,BUY,1186.03,1253.59,1095.6,12-23-24,15.0:13,Swing,ValueInvestor,Chart pattern,83,1186.03,1095.6,-7.62,False,True,SL Hit
ADANIPORTS,Adani Ports and Special Economic Zone Limited,Industrials,BUY,1138.81,1216.62,1064.4,02-05-25,10.0:25,Swing,MarketMaster,Technical reversal,87,1138.81,1064.4,-6.53,False,True,SL Hit
TATAMOTORS,Tata Motors Limited,Consumer Cyclical,BUY,688.55,728.65,643.07,07-02-25,9.0:11,Swing,IntradayKing,Earnings momentum,80,688.55,668.45,-2.92,False,False,Neutral
TATAMOTORS,Tata Motors Limited,Consumer Cyclical,BUY,717.88,876.81,632.28,12-20-24,9.0:51,Positional,ValueInvestor,Technical reversal,78,717.88,767.75,6.95,False,False,Neutral
TATAMOTORS,Tata Motors Limited,Consumer Cyclical,BUY,655.41,770.3,607.11,03-18-25,12.0:29,Positional,MarketMaster,Support level bounce,93,655.41,607.11,-7.37,False,True,SL Hit
TATAMOTORS,Tata Motors Limited,Consumer Cyclical,BUY,773.1,860.62,713.6,01-17-25,11.0:53,Swing,ValueInvestor,Earnings momentum,81,773.1,713.6,-7.7,False,True,SL Hit
UPL,UPL Limited,Basic Materials,BUY,670.71,726.16,640.13,05-12-25,12.0:29,Swing,StockGuru,Chart pattern,88,670.71,640.13,-4.56,False,True,SL Hit
UPL,UPL Limited,Basic Materials,BUY,645.34,775.56,610.99,04-03-25,10.0:27,Positional,TradingExpert,Volume surge,89,645.34,610.99,-5.32,False,True,SL Hit
UPL,UPL Limited,Basic Materials,BUY,663.53,678.19,656.34,04-29-25,10.0:16,Intraday,TradingExpert,Earnings momentum,84,663.53,678.19,2.21,True,False,Target Hit
UPL,UPL Limited,Basic Materials,BUY,627.21,644.06,609.52,02-28-25,10.0:23,Intraday,StockGuru,Breakout above resistance,71,627.21,609.52,-2.82,False,True,SL Hit
TATACONSUM,Tata Consumer Products Limited,Consumer Defensive,BUY,985.65,1071.3,939.13,11-08-24,13.0:52,Swing,ValueInvestor,Earnings momentum,92,985.65,939.13,-4.72,False,True,SL Hit
TATACONSUM,Tata Consumer Products Limited,Consumer Defensive,BUY,1081.73,1184.66,1044.79,04-09-25,15.0:51,Swing,StockGuru,Technical reversal,93,1081.73,1110.37,2.65,False,False,Neutral
TATACONSUM,Tata Consumer Products Limited,Consumer Defensive,BUY,1114.6,1151.59,1084.84,06-03-25,11.0:57,Intraday,SwingTrader,Breakout above resistance,92,1114.6,1084.84,-2.67,False,True,SL Hit
TATACONSUM,Tata Consumer Products Limited,Consumer Defensive,BUY,960.43,1114.74,909.89,11-12-24,13.0:59,Positional,SwingTrader,Breakout above resistance,79,960.43,909.89,-5.26,False,True,SL Hit
GODREJCP,Godrej Consumer Products Limited,Consumer Defensive,BUY,1116.57,1144.0,1092.76,01-24-25,14.0:37,Intraday,StockGuru,RSI oversold bounce,77,1116.57,1092.76,-2.13,False,True,SL Hit
GODREJCP,Godrej Consumer Products Limited,Consumer Defensive,BUY,1251.97,1345.31,1206.0,05-05-25,13.0:47,Swing,TechnicalAnalyst,Support level bounce,90,1251.97,1206.0,-3.67,False,True,SL Hit
GODREJCP,Godrej Consumer Products Limited,Consumer Defensive,BUY,1255.55,1330.77,1241.48,05-20-25,12.0:47,Intraday,TradingExpert,Volume surge,91,1255.55,1241.48,-1.12,False,True,SL Hit
GODREJCP,Godrej Consumer Products Limited,Consumer Defensive,BUY,1251.97,1419.9,1211.09,05-05-25,11.0000000,Swing,ValueInvestor,Support level bounce,77,1251.97,1211.09,-3.27,False,True,SL Hit
MARICO,Marico Limited,Consumer Defensive,BUY,693.34,848.36,629.82,06-11-25,9.0:47,Positional,BullMarket,Technical reversal,81,693.34,723.15,4.3,False,False,Neutral
MARICO,Marico Limited,Consumer Defensive,BUY,633.88,649.1,627.48,01-07-25,13.0:41,Intraday,MarketMaster,Moving average crossover,87,633.88,627.48,-1.01,False,True,SL Hit
MARICO,Marico Limited,Consumer Defensive,BUY,607.78,746.52,564.08,11-11-24,15.0:24,Positional,SwingTrader,Volume surge,74,607.78,623.34,2.56,False,False,Neutral
MARICO,Marico Limited,Consumer Defensive,BUY,715.52,734.18,695.5,05-05-25,9.000009,Intraday,ValueInvestor,Technical reversal,94,715.52,695.5,-2.8,False,True,SL Hit
DABUR,Dabur India Limited,Consumer Defensive,BUY,515.38,536.44,508.56,02-17-25,9.0:49,Intraday,TradingExpert,Technical reversal,77,515.38,508.56,-1.32,False,True,SL Hit
DABUR,Dabur India Limited,Consumer Defensive,BUY,494.04,561.73,455.55,03-20-25,15.0:49,Swing,TechnicalAnalyst,Support level bounce,79,494.04,455.55,-7.79,False,True,SL Hit
DABUR,Dabur India Limited,Consumer Defensive,BUY,475.83,493.0,463.75,05-06-25,12.0000000,Intraday,IntradayKing,RSI oversold bounce,90,475.83,463.75,-2.54,False,True,SL Hit
DABUR,Dabur India Limited,Consumer Defensive,BUY,479.79,531.32,448.07,04-25-25,9.0:33,Positional,IntradayKing,Sector rotation,70,479.79,475.53,-0.89,False,False,Neutral
COLPAL,Colgate-Palmolive (India) Limited,Consumer Defensive,BUY,2455.9,2841.07,2325.7,05-30-25,12.0000000,Positional,TradingExpert,Volume surge,94,2455.9,2379.3,-3.12,False,False,Neutral
COLPAL,Colgate-Palmolive (India) Limited,Consumer Defensive,BUY,2968.91,3070.01,2892.82,11-28-24,12.0:33,Intraday,StockGuru,Sector rotation,87,2968.91,3070.01,3.41,True,False,Target Hit
COLPAL,Colgate-Palmolive (India) Limited,Consumer Defensive,BUY,2601.15,2876.33,2447.66,05-20-25,10.0:32,Positional,TechnicalAnalyst,Moving average crossover,85,2601.15,2447.66,-5.9,False,True,SL Hit
COLPAL,Colgate-Palmolive (India) Limited,Consumer Defensive,BUY,2841.79,3506.61,2627.5,11-11-24,13.0:39,Positional,BullMarket,RSI oversold bounce,83,2841.79,2862.46,0.73,False,False,Neutral
,,,,,,,,,,,,,,,,,,

